,y,x,image,flux_e,flux
0,1028.92150873 pix,1019.98557515 pix,0001,529.7803654407464,290989.38835267647
1,1029.7900709 pix,1019.17889753 pix,0002,527.928082017677,288424.6861107416
2,1029.16157592 pix,1019.1650955 pix,0003,532.0817168456975,295515.6473629769
3,1029.08154937 pix,1019.10360908 pix,0004,537.9693635721524,310276.96742605435
4,1029.00314538 pix,1019.17710692 pix,0005,546.933883422294,329622.42936479894
5,1029.08888358 pix,1017.22160758 pix,0006,548.9903827754932,342516.10105551453
6,1028.9451856 pix,1017.82157863 pix,0007,554.8981669682213,356394.8991473876
7,1028.29034862 pix,1017.8238528 pix,0008,557.8983084973256,364991.83711799176
8,1028.92301083 pix,1017.00588167 pix,0009,559.1645553919856,368911.82948553714
9,1028.2693758 pix,1017.14787888 pix,0010,549.8946033291002,341912.6892641796
10,1028.96463443 pix,1016.86500593 pix,0011,540.4083826528075,315791.77890279156
11,1028.85623237 pix,1016.86699783 pix,0012,525.4018465407688,268306.5060004643
12,1029.82227017 pix,1016.85353499 pix,0013,532.4302347607436,290911.9676069049
13,1029.13355331 pix,1017.81568216 pix,0014,524.1949236771555,261210.79831522272
14,1029.97597433 pix,1017.84839559 pix,0015,523.0907375408015,263869.1569769897
15,1030.09688322 pix,1016.96254725 pix,0016,525.6878827091797,271594.4106281358
16,1030.24018981 pix,1016.32470605 pix,0017,526.6761817744266,267026.2705022593
17,1030.81342969 pix,1016.05432041 pix,0018,519.2416968153901,242072.31285013846
18,1030.81828063 pix,1015.87089317 pix,0019,518.2625977174604,240267.5104177005
19,1030.22751008 pix,1015.25157467 pix,0020,519.3184296176381,239425.65942262328
20,1030.21191862 pix,1015.2280281 pix,0021,516.6559734777405,227928.69592895912
21,1030.94310161 pix,1015.83538848 pix,0022,505.363129118351,203497.39123910145
22,1029.05760936 pix,1014.98060608 pix,0023,517.833747089678,234295.69274127408
23,1030.26028743 pix,1015.01309334 pix,0024,508.5063843765556,207255.46437000818
24,1030.24802017 pix,1014.2369124 pix,0025,499.94174442193633,177416.46911610695
25,1030.8384047 pix,1013.94406153 pix,0026,507.6151502259073,201946.5331579028
26,1031.97357771 pix,1014.14155249 pix,0027,509.56448558121116,204978.02650983603
27,1031.88550839 pix,1013.20517568 pix,0028,518.8967004120316,228853.74942156146
28,1031.03048068 pix,1013.18620189 pix,0029,511.9011359983069,217162.85377784976
29,1032.11127816 pix,1014.05749039 pix,0030,513.5790571416235,221757.53322341206
30,1031.95635598 pix,1013.83358507 pix,0031,513.2973657632767,222318.2957481587
31,1031.93754067 pix,1013.21538258 pix,0032,522.7447732383888,249162.5751522407
32,1032.12732828 pix,1014.02926334 pix,0033,527.0570018382627,260171.9160865892
33,1031.09299286 pix,1013.94844741 pix,0034,525.7476773812937,263647.3197879622
34,1032.97757553 pix,1014.13478927 pix,0035,522.6165317394726,256953.8200518798
35,1031.89919476 pix,1013.21940877 pix,0036,519.1720968963784,237149.09220862124
36,1032.23491771 pix,1012.09447717 pix,0037,509.68973156551925,219923.8987423643
37,1032.11625413 pix,1012.16390293 pix,0038,510.21553319072615,220609.17687049665
38,1032.06761023 pix,1013.04846002 pix,0039,526.732053019067,266649.4854464259
39,1032.002648 pix,1012.0651076 pix,0040,531.3055394210608,282924.2459213821
40,1032.24077956 pix,1012.86407134 pix,0041,526.5200041443077,270095.79434306733
41,1033.14781426 pix,1012.87065487 pix,0042,537.7848940162045,297985.8296516792
42,1033.23707746 pix,1012.89492064 pix,0043,538.5972656716132,301786.8445091521
43,1033.08537355 pix,1012.07743667 pix,0044,544.1884095907299,322882.56314684264
44,1033.82277789 pix,1012.04767376 pix,0045,543.5889205332803,320044.234900738
45,1033.09902282 pix,1011.15435603 pix,0046,546.1286226348458,326853.19324632525
46,1033.14390725 pix,1011.16386543 pix,0047,549.9053274979171,347165.63042734057
47,1032.9855482 pix,1011.09844759 pix,0048,553.4282246061791,355350.2425881786
48,1033.00772938 pix,1010.0490282 pix,0049,548.751976015207,343876.08380943094
49,1033.97706247 pix,1010.12175999 pix,0050,543.0300548825195,327499.227666641
50,1033.8566219 pix,1009.14050485 pix,0051,541.6830916691528,327795.18744592293
51,1033.86964662 pix,1009.9842505 pix,0052,546.8140260922024,335888.42042442586
52,1033.8800719 pix,1010.85569455 pix,0053,549.3160958268517,341359.0602962024
53,1034.05910674 pix,1011.12467128 pix,0054,546.1078776283181,336564.38528195117
54,1034.93546997 pix,1010.92773847 pix,0055,547.6734131818474,342461.55437116924
55,1034.1669431 pix,1011.11428828 pix,0056,540.7644787411822,320184.2724583349
56,1034.11621751 pix,1009.88375276 pix,0057,538.0446270203832,308383.7588671868
57,1034.8964831 pix,1009.05156365 pix,0058,540.0836759975404,318430.4797340408
58,1034.83487056 pix,1009.99304473 pix,0059,546.6591955251426,338254.0953130764
59,1034.93938854 pix,1009.93489346 pix,0060,553.2947815489106,356948.81863715197
60,1035.12085989 pix,1009.95356557 pix,0061,553.5014699235128,360584.8853647466
61,1035.06383329 pix,1009.24539719 pix,0062,549.046896161605,342671.5023857248
62,1035.82473015 pix,1009.16311312 pix,0063,542.0968397489536,322267.56993470225
63,1035.87450389 pix,1009.10742736 pix,0064,541.499287625942,320103.0448648763
64,1035.17747446 pix,1010.00195601 pix,0065,528.6697792978046,289095.13846270123
65,1035.77401467 pix,1009.8887906 pix,0066,525.7156708291765,267907.31146011536
66,1036.11217311 pix,1009.07152676 pix,0067,521.79247277223,255953.47409145767
67,1036.20814212 pix,1009.00265964 pix,0068,536.6326156035,298669.74744701234
68,1036.88717225 pix,1008.92479541 pix,0069,529.679783564887,277543.95501231804
69,1036.87581054 pix,1009.00318345 pix,0070,527.2901088789023,269293.32639239705
70,1035.21372285 pix,1008.17138675 pix,0071,538.7063557027083,301412.16603993974
71,1036.10513612 pix,1007.14116311 pix,0072,532.2549111612279,287355.99188761786
72,1036.06582038 pix,1007.90823524 pix,0073,512.5330533960685,230851.2837300197
73,1036.08078319 pix,1006.84071569 pix,0074,513.2697712934315,224732.3677861765
74,1036.0139835 pix,1006.81128326 pix,0075,514.4970386224546,228279.3361638438
75,1036.78310239 pix,1007.13132734 pix,0076,513.0803347717978,221342.99710289954
76,1036.00975084 pix,1006.81914402 pix,0077,500.5170870909701,173273.0776075081
77,1036.17133448 pix,1006.04891621 pix,0078,512.5566700541983,220188.7329330726
78,1036.08853581 pix,1005.87042094 pix,0079,518.3345193555808,244586.2940871559
79,1036.06305336 pix,1005.8457351 pix,0080,523.0792456730085,264935.3234955616
80,1035.86330814 pix,1005.95268097 pix,0081,527.2685489206842,273614.5840020147
81,1036.10116295 pix,1005.06279343 pix,0082,525.1254092869083,270025.8424143605
82,1036.78377402 pix,1005.80569601 pix,0083,522.2213788508462,262877.7877723011
83,1036.21364167 pix,1004.99516781 pix,0084,520.3706678177365,243701.43688964826
84,1036.82472339 pix,1005.18750623 pix,0085,489.29965416653164,135844.94663442217
85,1036.07207111 pix,1005.14169867 pix,0086,490.1930744247677,152724.69638963227
86,1036.78856307 pix,1004.96577162 pix,0087,489.9432037389307,142753.49374989682
87,1036.22130231 pix,1004.93927177 pix,0088,483.8524939576689,118314.45116698311
88,1036.91697596 pix,1004.89879162 pix,0089,480.0325634635373,94362.27704663062
89,1037.06789078 pix,1004.07262904 pix,0090,493.00273562804057,150822.09868761624
90,1037.86864868 pix,1004.87181684 pix,0091,499.69485532101396,177656.60282483744
91,1037.77766636 pix,1004.87501302 pix,0092,504.33578851253446,203901.9357838197
92,1038.85173537 pix,1004.82282246 pix,0093,494.3155924818432,168978.21169422532
93,1038.17895952 pix,1004.11405701 pix,0094,496.1078056702949,168221.15180097427
94,1038.05731055 pix,1003.93965506 pix,0095,497.8465085683466,179359.80117249797
95,1037.94811081 pix,1003.99680962 pix,0096,503.51779697932136,200117.86712842036
96,1038.97670158 pix,1003.95519973 pix,0097,515.6774047481379,240440.86760363675
97,1038.94277581 pix,1004.03101865 pix,0098,501.3909454633643,200296.59096584236
98,1038.97607799 pix,1003.925868 pix,0099,495.8824256582972,183360.08721024747
99,1038.93423505 pix,1004.18769201 pix,0100,513.3239851178928,222240.46509586176
100,1039.92893886 pix,1004.93430979 pix,0101,518.12327360572,242759.5567754176
101,1039.24226576 pix,1004.8758397 pix,0102,505.09475690051465,205602.2795463258
102,1039.20317833 pix,1004.12066095 pix,0103,522.2634711838585,265672.0983742524
103,1039.82846977 pix,1004.90100822 pix,0104,501.71323842350506,195061.5278676111
104,1039.17470579 pix,1004.19403087 pix,0105,496.6548976009432,163448.60411558548
105,1038.9580067 pix,1004.14331631 pix,0106,505.01640727458266,198388.34635369666
106,1039.94699346 pix,1004.81667374 pix,0107,507.63562553538014,206249.7162996937
107,1039.84518637 pix,1004.91985447 pix,0108,501.3624752791591,185190.90697377198
108,1039.84035142 pix,1004.99637401 pix,0109,498.63672122740235,190736.5745899666
109,1039.97124028 pix,1005.81908779 pix,0110,502.8923859725632,201344.25399770046
110,1040.0431016 pix,1004.92512896 pix,0111,504.42015620412263,201562.427289083
111,1039.93901503 pix,1005.0838555 pix,0112,501.95570503841986,197572.8271462156
112,1040.82882493 pix,1004.85590094 pix,0113,496.1594893701158,172599.1380052517
113,1040.16431301 pix,1003.94011739 pix,0114,488.533231858681,145121.50299351622
114,1040.09647863 pix,1003.08213501 pix,0115,488.6160005069263,128470.76614326991
115,1040.23263383 pix,1002.90889573 pix,0116,491.9419545812192,117387.42244756647
116,1040.88656683 pix,1001.94826572 pix,0117,489.77112255744856,104743.90521651192
117,1040.17314472 pix,1002.16979144 pix,0118,490.1911878251773,113999.65827699899
118,1041.03800331 pix,1002.00370971 pix,0119,490.14024098001323,116781.21952088925
119,1041.02893626 pix,1001.99571162 pix,0120,490.3826477251569,115966.74633691652
120,1040.83949896 pix,1003.05366904 pix,0121,490.3957419773995,105294.22622072493
121,1040.93232548 pix,1001.91354668 pix,0122,489.65233252073637,97794.5196708747
122,1040.12833404 pix,1001.20412639 pix,0123,495.66830693195107,97451.53889660403
123,1040.19815145 pix,1000.83929377 pix,0124,488.56164141743886,84321.2940003251
124,1040.12703567 pix,1001.04720631 pix,0125,495.52058937943485,90557.47107562078
125,1039.84713948 pix,1000.88163189 pix,0126,489.14216858112184,87331.92056349918
126,1040.893279 pix,1000.96289861 pix,0127,487.6179314467221,87441.59978327938
127,1041.00141688 pix,1001.02571785 pix,0128,492.16420290286794,95323.33640944917
128,1041.84938547 pix,1001.08409466 pix,0129,492.42733533223833,74292.7383074394
129,1041.80471167 pix,1001.83230938 pix,0130,495.6721575655117,66846.1414761453
130,1041.93680514 pix,1000.85072466 pix,0131,496.92914768661433,62592.25436639408
131,1042.13771688 pix,1000.99250691 pix,0132,494.28957067720626,77976.62664438828
132,1042.84839444 pix,1001.08835472 pix,0133,498.4564517532874,91052.48191934866
133,1043.12707568 pix,1000.89494395 pix,0134,492.8893776118794,108692.27446571259
134,1043.8972494 pix,1001.15863948 pix,0135,496.09480997339546,126082.72886632528
135,1043.08161365 pix,1001.94291648 pix,0136,496.3294107166194,122176.27117600746
136,1043.94095095 pix,1002.02769975 pix,0137,492.388855195431,112959.04114081323
137,1044.0523226 pix,1001.83035175 pix,0138,496.76736590142707,150216.3643785913
138,1044.1495153 pix,1001.87481859 pix,0139,502.07427468133415,170988.22800257822
139,1044.1820237 pix,1000.9926457 pix,0140,501.9245934391206,175375.49463173008
140,1044.98373065 pix,1001.11528793 pix,0141,501.10519123686316,182079.83556140715
141,1044.07468397 pix,1001.18595985 pix,0142,508.3622593495403,212078.5368277195
142,1045.16199642 pix,1001.04663471 pix,0143,519.8270156536149,250987.03763079495
143,1044.94532798 pix,1001.00412971 pix,0144,515.1365950297828,243261.25737098095
144,1044.8347118 pix,1001.00490001 pix,0145,517.22353956068,255052.6259044784
145,1044.99114754 pix,1000.23164754 pix,0146,519.6010438156383,262624.16537486564
146,1045.00396972 pix,1000.2369136 pix,0147,528.0433238119505,294607.0153393199
147,1044.13523676 pix,1000.07631888 pix,0148,535.0035338167863,311659.6350292796
148,1044.85761164 pix,999.840671353 pix,0149,529.3074051380954,300525.3496564386
149,1045.07079921 pix,999.806042777 pix,0150,518.2008719593601,273980.38188117504
150,1045.07437807 pix,999.122765864 pix,0151,530.3785643059681,306263.1070789375
151,1045.82994635 pix,998.905457764 pix,0152,521.8924351573634,280611.55650567124
152,1044.92532258 pix,998.870530794 pix,0153,515.2747256260687,260648.41526435156
153,1045.10239473 pix,998.122984631 pix,0154,517.0296654557352,269111.8518782963
154,1045.90838773 pix,998.075202268 pix,0155,515.6950675900191,265391.66772358416
155,1046.00754162 pix,998.06742054 pix,0156,513.9341560368551,269959.490964029
156,1045.15715319 pix,998.869973468 pix,0157,509.2734226642027,250832.10979616013
157,1045.98254117 pix,998.876189126 pix,0158,516.0718066426824,270281.074591295
158,1045.89155 pix,998.115153826 pix,0159,514.0636306929944,270114.2889912731
159,1046.21052929 pix,997.920631234 pix,0160,524.6558790989168,300085.1240476264
160,1045.96051659 pix,997.913845037 pix,0161,519.5285196320393,289074.0850982006
161,1046.00964967 pix,997.947318467 pix,0162,516.6787398457542,284650.9677257949
162,1045.91686668 pix,996.934356102 pix,0163,510.07633773084274,265785.75359918736
163,1045.21794933 pix,996.0683952 pix,0164,499.75531007674755,235799.31307723047
164,1046.12752233 pix,995.934114465 pix,0165,499.209016532658,241313.45896574273
165,1046.11595407 pix,996.078506848 pix,0166,508.3867732756849,262778.80450824695
166,1046.09811132 pix,995.970419417 pix,0167,510.84764489698927,271737.81396306364
167,1045.21807673 pix,995.897779929 pix,0168,498.2241099643244,236879.0965233825
168,1045.99850901 pix,995.178773456 pix,0169,487.1169610969287,204814.2364100258
169,1045.18956613 pix,994.994975509 pix,0170,481.5800245463657,179188.14582251752
170,1045.85031759 pix,995.147526539 pix,0171,478.2507598583307,170521.84672824666
171,1045.80025203 pix,995.111867834 pix,0172,498.07186867296076,239971.3128909113
172,1045.84685546 pix,994.196919131 pix,0173,503.8742403498692,249325.58295161964
173,1045.90001579 pix,994.238141133 pix,0174,490.14880745838076,206964.74530027405
174,1045.89746908 pix,994.900824067 pix,0175,494.7666635978853,216595.51088981947
175,1045.94954169 pix,994.98187237 pix,0176,482.6878761564791,180266.71740949043
176,1046.04952318 pix,994.788646098 pix,0177,474.7632084854783,150660.65822310548
177,1046.22758013 pix,994.061065581 pix,0178,468.3699133673007,121392.05380157079
178,1047.01635398 pix,993.995720938 pix,0179,471.1044873679058,141678.6424003892
179,1046.2185195 pix,993.856906089 pix,0180,474.06503555327777,159390.55753590926
180,1046.20563036 pix,994.003941592 pix,0181,466.8690673133262,132026.0854587613
181,1046.18080242 pix,993.181062675 pix,0182,465.5839369297018,131665.84244333723
182,1046.14602077 pix,993.097254447 pix,0183,478.8459127981492,156505.25158677742
183,1046.90564231 pix,991.175554754 pix,0184,470.3627335177153,114781.17709669347
184,1045.95791714 pix,990.832117284 pix,0185,468.08103022421636,98268.88122148585
185,1045.07829932 pix,990.010431407 pix,0186,467.2970307983852,94693.89791340352
186,1045.14721876 pix,989.145390347 pix,0187,464.9235170674208,106836.29573623916
187,1044.21894081 pix,989.041731314 pix,0188,465.0882429899495,113074.71851273638
188,1044.95846739 pix,988.867829074 pix,0189,463.5424822716115,94327.71553537328
189,1044.20466538 pix,988.224715519 pix,0190,466.52658156905136,109962.911453888
190,1044.07292731 pix,988.221459762 pix,0191,464.01805832399526,88637.35123661661
191,1044.10308243 pix,987.88634181 pix,0192,454.26994094435145,65108.65105437617
192,1043.95742467 pix,986.982860686 pix,0193,453.9941105281423,61762.48077257631
193,1043.77005896 pix,986.241627856 pix,0194,452.0254516765366,45453.087227045675
194,1043.04271682 pix,985.175464917 pix,0195,455.9380225660254,24740.302668560274
195,1042.22298102 pix,984.095891474 pix,0196,459.5807708960532,30340.828304888535
196,1042.90572348 pix,983.975295188 pix,0197,458.425952414044,44387.66008077617
197,1042.92148962 pix,983.103115321 pix,0198,467.05741635733295,18376.552900246006
198,1042.14334598 pix,982.037517584 pix,0199,474.7695599670272,16760.248340446295
199,1042.0167882 pix,981.86591558 pix,0200,475.6533407488558,17998.507485900645
200,1041.92979668 pix,981.119748923 pix,0201,469.25694058223354,37589.01795470803
201,1041.98984791 pix,980.960965214 pix,0202,473.63761868294995,37749.193742764255
202,1042.11914196 pix,981.001330522 pix,0203,476.18681393647205,51271.35705644978
203,1042.87953903 pix,981.063242484 pix,0204,476.9401684744596,81814.87596252264
204,1042.9099325 pix,980.109135192 pix,0205,477.16020089694274,89642.21904062707
205,1042.88233441 pix,979.972561604 pix,0206,473.8185090220166,88846.77567291382
206,1043.00108152 pix,978.94117522 pix,0207,471.5509604605365,86230.127572464
207,1043.00844922 pix,979.901728054 pix,0208,479.050260579342,116590.58094479068
208,1043.08271991 pix,979.987712943 pix,0209,490.92548655143696,171720.95208961688
209,1043.79306415 pix,979.149709261 pix,0210,499.07885793454165,209238.6402069341
210,1043.17823084 pix,979.225797778 pix,0211,507.8638765245987,236503.50975571646
211,1042.86970428 pix,979.827994657 pix,0212,503.65422893412375,227549.84876937093
212,1043.16461331 pix,978.972265823 pix,0213,500.4745282148501,212819.26744275595
213,1042.99325629 pix,978.91280885 pix,0214,524.7601044234129,286324.0710377178
214,1042.21556279 pix,978.807628076 pix,0215,536.0308883161667,330703.61745689064
215,1042.87082252 pix,978.123842559 pix,0216,530.8812180542042,316458.68211245816
216,1042.89533912 pix,978.164426109 pix,0217,529.4555458425252,315643.9428077845
217,1043.13119392 pix,978.220634967 pix,0218,574.2814905262474,442806.7664438344
218,1043.96406183 pix,979.068312233 pix,0219,577.7132149277675,457033.99407867115
219,1044.07124649 pix,978.092611321 pix,0220,582.5183540055853,472757.24615401763
220,1044.04571012 pix,978.154913875 pix,0221,586.8460596596968,485733.50417375925
221,1044.07355934 pix,977.797111135 pix,0222,587.7247754575046,489240.8704203455
222,1043.89509958 pix,977.023712659 pix,0223,589.9730450999954,496123.3194118058
223,1043.78422874 pix,976.797450848 pix,0224,594.9220345326828,509449.6639000203
224,1043.95738601 pix,975.103037781 pix,0225,595.1478272696199,512122.578910385
225,1043.11277002 pix,975.060894419 pix,0226,596.6675678371118,516069.21152047196
226,1042.99525426 pix,975.194722931 pix,0227,593.6967506497016,509387.4333975592
227,1043.05582954 pix,974.889460046 pix,0228,593.4537774511303,507030.13468959974
228,1042.89336199 pix,974.23804318 pix,0229,592.0966927550211,503882.4868936895
229,1042.84022316 pix,974.192229462 pix,0230,593.9060011446364,507658.74899195286
230,1042.22063969 pix,973.895385117 pix,0231,597.4670929695479,516392.59753398877
231,1042.88309756 pix,973.11046836 pix,0232,595.839668132511,516144.6405924396
232,1041.9779449 pix,973.862430385 pix,0233,596.8789614381453,516733.81758609496
233,1042.17272942 pix,973.836416456 pix,0234,595.9245097999366,518949.5731269056
234,1042.05208944 pix,972.209974732 pix,0235,593.4018227971623,516745.1004982439
235,1041.96781639 pix,972.028204672 pix,0236,591.3461902237668,515074.1643263109
236,1042.2335944 pix,971.937131552 pix,0237,588.0379576991622,504696.71552837035
237,1042.03590594 pix,971.233159867 pix,0238,589.5844100529024,506100.7392199078
238,1042.09985935 pix,971.877444872 pix,0239,584.7059122296698,494053.17856219853
239,1042.12030109 pix,971.161812733 pix,0240,579.9429957994053,479222.07252820797
240,1042.13780834 pix,970.160847295 pix,0241,582.3463092643872,489943.38855406403
241,1042.91292285 pix,970.849357733 pix,0242,583.7543551043532,491611.726687714
242,1043.0257244 pix,971.043385018 pix,0243,586.8054083923604,499155.785658355
243,1042.93274332 pix,970.976748747 pix,0244,586.6237795022646,498044.19993565464
244,1042.21817266 pix,970.840087392 pix,0245,585.4077185887137,494491.2698287817
245,1042.90365854 pix,970.088730802 pix,0246,582.1072467546421,485087.66145312187
246,1042.96744534 pix,970.932691751 pix,0247,584.5035863089557,490481.6899645643
247,1042.25939531 pix,971.020104597 pix,0248,584.8219579233519,495785.2843728228
248,1042.86628881 pix,970.219633076 pix,0249,586.2278718624085,497817.43195933406
249,1042.08517354 pix,969.894649529 pix,0250,587.8793667084715,506387.1901295902
250,1042.14780704 pix,969.951592364 pix,0251,589.2763862296082,510137.1307683644
251,1042.05914608 pix,969.867980003 pix,0252,589.5813257801829,508765.29305763077
252,1042.07548042 pix,969.903728959 pix,0253,590.1979175321937,513731.1638418059
253,1042.75122705 pix,969.111468629 pix,0254,592.0936534717508,520195.88515100954
254,1042.77998141 pix,969.820569502 pix,0255,593.7248388381527,524392.8570657264
255,1042.15850066 pix,969.04278435 pix,0256,595.9333973555097,531883.2835001918
256,1042.19504326 pix,968.921052783 pix,0257,595.276494075844,530381.9957921079
257,1041.94436358 pix,967.95331251 pix,0258,594.7666739236142,529894.7829070573
258,1042.14150078 pix,967.967652493 pix,0259,596.1550016927664,532628.8942103956
259,1041.9191348 pix,967.193306773 pix,0260,595.0503552518213,528405.5512788073
260,1041.8795248 pix,966.098464065 pix,0261,592.8284368075889,524173.8602147716
261,1041.08353053 pix,966.058530762 pix,0262,590.9000035746452,519819.58383461554
262,1041.16519417 pix,965.969521645 pix,0263,590.995562737452,521927.99164942664
263,1041.14339305 pix,965.865714824 pix,0264,594.7815296991116,530574.6589170153
264,1041.85886109 pix,965.935492497 pix,0265,597.0167607206449,536274.5607153608
265,1041.12462319 pix,965.811947839 pix,0266,595.5821900324843,533559.0830356444
266,1042.03657079 pix,965.832065357 pix,0267,596.8904999405685,534415.2452474523
267,1041.977278 pix,965.833138031 pix,0268,595.5024520755801,534461.286134565
268,1042.00627414 pix,965.860778646 pix,0269,595.2816740249307,533224.5380752168
269,1042.15992626 pix,965.128967067 pix,0270,594.0227690434575,530674.8050730138
270,1041.96403858 pix,965.066382013 pix,0271,595.5863560332366,533221.6087233593
271,1041.11408249 pix,965.193868334 pix,0272,595.5981782692265,533883.1979374836
272,1042.02565019 pix,964.821649094 pix,0273,594.9027734795577,532069.6287239601
273,1041.9744833 pix,964.131420251 pix,0274,595.3437308850135,531707.0199892567
274,1041.95775484 pix,964.958311606 pix,0275,593.7594842930583,528168.1914349128
275,1042.03813568 pix,964.057517707 pix,0276,582.0158293188928,495630.9031883392
276,1042.0188738 pix,963.932050007 pix,0277,587.5721715961579,510619.81612886454
277,1041.91316735 pix,964.149147307 pix,0278,590.0943402598464,518521.0223979414
278,1042.16450144 pix,964.054360546 pix,0279,588.8877666784716,516875.7454193743
279,1042.20226524 pix,963.883551619 pix,0280,585.1485211110368,503205.272711404
280,1042.83423298 pix,964.039640823 pix,0281,584.9161929381776,502852.41957884526
281,1042.05177713 pix,963.075521047 pix,0282,583.4000826093823,497865.3385638143
282,1041.9603771 pix,962.896737324 pix,0283,580.3756305160741,489342.35752943053
283,1041.97634463 pix,962.225236045 pix,0284,579.3336420719506,482195.036646098
284,1041.17870451 pix,962.802172661 pix,0285,572.9895501455057,461786.8196687248
285,1041.96930764 pix,962.836804468 pix,0286,562.3266024811292,437338.24112857523
286,1041.97550878 pix,962.932818372 pix,0287,569.0233157909192,454926.72829651687
287,1041.88474437 pix,962.168485393 pix,0288,558.5959678561619,431901.9122589335
288,1041.85306488 pix,962.893162984 pix,0289,556.8090504785716,425172.19518636935
289,1041.81830012 pix,962.146607239 pix,0290,557.6564908560135,424419.90738532995
290,1041.14745829 pix,961.866892797 pix,0291,556.5597702344988,424599.49980623624
291,1041.98228626 pix,961.960692992 pix,0292,555.1193537169166,420493.8506261213
292,1042.92626899 pix,962.096751923 pix,0293,554.0340620991954,419244.4941575357
293,1041.82264793 pix,961.140700745 pix,0294,550.098885120018,405382.63545005274
294,1041.92732633 pix,961.238110421 pix,0295,538.5922461621607,376264.08625588065
295,1041.18995571 pix,961.182540758 pix,0296,535.4146040998478,365920.42167156754
296,1041.14976821 pix,961.07268936 pix,0297,548.1947613105765,405726.0026464043
297,1040.94368195 pix,960.879726202 pix,0298,575.6207212551374,472526.599165112
298,1041.05792883 pix,960.074500892 pix,0299,582.8980683904218,502990.5807501532
299,1040.92602115 pix,959.985903049 pix,0300,583.0651414173706,505046.3522893886
300,1040.89125471 pix,960.187190731 pix,0301,574.2306309925344,477294.1751137856
301,1040.90522997 pix,960.150183779 pix,0302,571.4626026128118,472451.71413764835
302,1041.89656902 pix,960.97676291 pix,0303,587.4203852528339,517977.7514087398
303,1041.86369996 pix,960.178269532 pix,0304,589.062529015625,524320.0561732228
304,1041.89926656 pix,960.785152768 pix,0305,591.4755459392214,531181.4543483803
305,1041.89099529 pix,959.952782211 pix,0306,593.410898312119,538293.4902125589
306,1041.8754829 pix,959.193129463 pix,0307,595.4481396114511,542135.9012399167
307,1041.91515257 pix,959.974170977 pix,0308,594.4193113949344,543339.4656754774
308,1041.87285994 pix,959.815500935 pix,0309,593.7246231691632,542366.8758923055
309,1041.15491399 pix,959.878388069 pix,0310,592.655907439631,540347.2592974129
310,1041.09906281 pix,958.931934135 pix,0311,592.1241490078054,539999.0789553376
311,1041.04497891 pix,958.097795906 pix,0312,593.6665801765707,542969.4912747787
312,1040.9260563 pix,958.803787587 pix,0313,591.8161013467397,542120.3313716719
313,1041.04919152 pix,958.22733117 pix,0314,592.0078665461375,542492.7602520708
314,1041.06264978 pix,958.01550465 pix,0315,590.7146220534418,539522.6256579795
315,1040.21459947 pix,957.845853691 pix,0316,590.4015689840519,539482.082910871
316,1040.7890845 pix,957.04166786 pix,0317,591.3910406838922,542314.9405667096
317,1040.82294359 pix,956.950697219 pix,0318,590.6557832849506,539878.0735996559
318,1041.0349474 pix,957.219845999 pix,0319,591.1125506597914,542696.8497529603
319,1041.07865517 pix,957.987878121 pix,0320,591.7664511117534,544035.9939852502
320,1041.12950778 pix,957.984636122 pix,0321,591.6632625923351,544398.0354151216
321,1041.19181805 pix,957.967059602 pix,0322,590.1489656733752,542508.466175437
322,1041.19217871 pix,957.793322875 pix,0323,591.6842424649353,543690.3454466028
323,1041.94800901 pix,957.914897853 pix,0324,592.1322330658097,544890.4747680201
324,1041.17323725 pix,957.94278205 pix,0325,591.0558874691707,543563.0014346985
325,1041.06526571 pix,957.876319131 pix,0326,591.8166575582461,544209.6452102417
326,1040.97713062 pix,957.030274596 pix,0327,591.3360501463696,544103.8451572835
327,1041.06028325 pix,957.228385574 pix,0328,590.5332637501584,543178.3986212359
328,1041.15972023 pix,957.18395569 pix,0329,590.5858326269231,544456.9662758348
329,1041.82297476 pix,957.050217394 pix,0330,590.7930854133446,545838.985731737
330,1041.98245137 pix,957.823240984 pix,0331,591.3563689855928,545775.4723820077
331,1040.98211729 pix,957.827927783 pix,0332,590.0544823127057,544299.6376722769
332,1041.7792058 pix,957.139825854 pix,0333,589.0265554980048,543733.0245666471
333,1041.167629 pix,957.837428286 pix,0334,590.0658184097683,546439.6706548353
334,1041.7802863 pix,958.017614613 pix,0335,588.6802920644578,543149.3448871707
335,1041.80202694 pix,958.0249959 pix,0336,589.3021595294756,545412.6509698769
336,1041.80976778 pix,957.963373056 pix,0337,590.4620708714781,547284.692350638
337,1041.20708353 pix,958.020019708 pix,0338,588.4017131048794,542594.1193423471
338,1041.77233742 pix,957.918791433 pix,0339,586.9206225308302,540281.0661219268
339,1041.98221779 pix,957.908636579 pix,0340,585.1690314894403,533503.7357301062
340,1041.14192671 pix,957.81810602 pix,0341,579.7958768843197,521567.2743451898
341,1041.1694562 pix,957.207529243 pix,0342,577.9874570283724,515870.246612299
342,1041.82569208 pix,957.038650095 pix,0343,579.1173850990999,520169.8753861134
343,1041.17780868 pix,957.09015251 pix,0344,562.885564563555,480095.9177266393
344,1040.98951886 pix,957.180548339 pix,0345,556.6863936986925,467338.32826908247
345,1040.82352628 pix,957.017305088 pix,0346,551.5592936777681,454389.9678592167
346,1040.03488106 pix,956.206436247 pix,0347,535.6318507527086,413020.498037555
347,1039.19421064 pix,956.063044804 pix,0348,529.4576867523805,399528.21392778994
348,1038.10416587 pix,955.829073476 pix,0349,518.5631119682445,369952.50163485867
349,1038.1551045 pix,955.146834367 pix,0350,517.3557568489443,364788.29284572264
350,1038.81634629 pix,955.874856574 pix,0351,519.1116512340876,372986.86515379755
351,1038.20444286 pix,955.954892126 pix,0352,507.8615982463965,339096.7635527546
352,1038.10555275 pix,955.059952159 pix,0353,499.9852079341234,320202.3974533831
353,1038.08246264 pix,954.872051143 pix,0354,501.48558455777965,322965.9510243715
354,1037.99512197 pix,955.029948047 pix,0355,485.8184545209929,289799.4114618136
355,1037.81154573 pix,955.048773216 pix,0356,494.19577594998316,305731.3166051991
356,1037.13125558 pix,954.912351782 pix,0357,496.1947443564522,308669.77778676024
357,1037.10604188 pix,955.063095869 pix,0358,486.2117045124752,286678.38695647696
358,1037.07596976 pix,955.231230841 pix,0359,482.8191812105262,282015.34912900894
359,1036.99802385 pix,955.11259689 pix,0360,520.9542565307132,386529.059356641
360,1036.92775131 pix,955.117216593 pix,0361,528.9309253335542,410429.7357885139
361,1036.90161087 pix,954.920293574 pix,0362,536.1917705488972,428757.72140591167
362,1036.19769732 pix,955.092545007 pix,0363,519.3119030199553,391481.33318654296
363,1036.18644697 pix,955.03039356 pix,0364,490.83017170744125,320253.4274634663
364,1035.98670576 pix,954.951239603 pix,0365,505.3978345992602,358277.8268407928
365,1036.05774372 pix,954.94160224 pix,0366,515.4223648685128,380996.67331184
366,1035.84905927 pix,954.781645014 pix,0367,500.1146755233525,347695.0198210447
367,1035.83401394 pix,954.927126402 pix,0368,504.73847799666055,359509.5971222047
368,1035.04554185 pix,954.036160242 pix,0369,521.7206754269414,398087.9834338514
369,1035.22130504 pix,954.188692915 pix,0370,491.67359258392315,329798.3905431101
370,1034.1009659 pix,954.20328946 pix,0371,459.52495883709946,253916.38684403698
371,1034.05201125 pix,952.187933693 pix,0372,470.8925019818649,276343.9875725029
372,1033.80346552 pix,952.221880431 pix,0373,470.3234847232898,266839.9587422009
373,1032.9939634 pix,952.036696838 pix,0374,474.69630603704366,279485.1825269753
374,1033.03981079 pix,951.999246154 pix,0375,472.00452085025137,270369.79957921355
375,1032.90596105 pix,952.029123367 pix,0376,463.1823932934123,250289.3130572841
376,1031.82042488 pix,951.959811793 pix,0377,480.5681554920507,298118.6525522238
377,1031.06414417 pix,951.788023021 pix,0378,481.65583779809697,298694.343845176
378,1031.17491946 pix,951.917881615 pix,0379,480.6647892470216,292988.796017844
379,1030.8624069 pix,951.04643673 pix,0380,474.5004965484768,280274.1210271987
380,1030.20798073 pix,950.803520071 pix,0381,485.8487126647644,310787.49094442785
381,1030.09940259 pix,950.1554768 pix,0382,488.9121744103135,329443.27842443855
382,1029.20863787 pix,949.799509104 pix,0383,493.67173227877896,343481.80008523073
383,1029.01369571 pix,948.994311901 pix,0384,470.1999969986976,298268.43836877483
384,1028.19917817 pix,948.107180331 pix,0385,447.0541303748518,252237.09328859393
385,1028.00943191 pix,947.161415311 pix,0386,471.30881476739046,299771.12044992053
386,1027.77891653 pix,947.215652222 pix,0387,508.203682789792,372903.4916907674
387,1027.78202452 pix,947.895881368 pix,0388,412.4114136636126,170083.9857827623
388,1027.18059247 pix,947.088662541 pix,0389,391.7360669901155,118608.67028827539
389,1027.08803292 pix,946.893295566 pix,0390,403.857312139248,153041.63121850297
390,1026.85176075 pix,946.184103332 pix,0391,402.2138237147591,154494.6489322648
391,1026.19936572 pix,945.956779506 pix,0392,459.0421266080702,274381.8429145138
392,1026.13908028 pix,946.14201534 pix,0393,500.332398838343,360054.2946652814
393,1026.0326343 pix,946.117458591 pix,0394,494.69374901458383,349394.43118006474
394,1025.77131516 pix,946.021288857 pix,0395,514.5454602368895,390310.3992109997
395,1025.79886259 pix,945.213846056 pix,0396,472.5626372215562,303693.06120395684
396,1025.23643405 pix,945.79218827 pix,0397,410.78951921995696,181947.59271565944
397,1025.15892426 pix,945.213122677 pix,0398,412.4820375925122,192650.57674628907
398,1025.14364334 pix,945.827530207 pix,0399,384.81801458920324,130991.7487136912
399,1024.81734533 pix,944.979779923 pix,0400,415.3601271497027,199379.16552495968
400,1024.17752087 pix,944.153219338 pix,0401,438.0230399168876,248812.9253916992
401,1023.96007737 pix,944.111696717 pix,0402,428.4552297722433,229727.9434730952
402,1023.93294725 pix,944.818373526 pix,0403,425.53644108739985,221052.89116283716
403,1023.97245874 pix,944.2327699 pix,0404,408.59647789846485,182800.3833008689
